{"cameraMode":{"drawMode":0,"name":"Shaded","section":"Shading Mode"},"sceneLighting":false,"audioPlay":false,"sceneViewState":{"showFog":true,"showMaterialUpdate":false,"showSkybox":true,"showFlares":true,"showImageEffects":true,"showParticleSystems":true},"in2DMode":false,"pivot":{"x":0.5239999890327454,"y":0.12999999523162843,"z":3.4820001125335695},"rotation":{"x":-0.21370939910411836,"y":0.681056559085846,"z":-0.2187691032886505,"w":-0.6653047204017639},"size":1.9117939472198487,"orthographic":false}