{"cameraMode":{"drawMode":0,"name":"Shaded","section":"Shading Mode"},"sceneLighting":false,"audioPlay":false,"sceneViewState":{"showFog":true,"showMaterialUpdate":false,"showSkybox":true,"showFlares":true,"showImageEffects":true,"showParticleSystems":true},"in2DMode":false,"pivot":{"x":-4.343714714050293,"y":-3.0850749015808107,"z":-0.15779107809066773},"rotation":{"x":-0.21370939910411836,"y":0.681056559085846,"z":-0.2187691032886505,"w":-0.6653047204017639},"size":15.073678970336914,"orthographic":false}