{"cameraMode":{"drawMode":0,"name":"Shaded","section":"Shading Mode"},"sceneLighting":false,"audioPlay":false,"sceneViewState":{"showFog":true,"showMaterialUpdate":false,"showSkybox":true,"showFlares":true,"showImageEffects":true,"showParticleSystems":true},"in2DMode":false,"pivot":{"x":1.5822925567626954,"y":1.0578012466430665,"z":-4.84735107421875},"rotation":{"x":-0.21370939910411836,"y":0.681056559085846,"z":-0.2187691032886505,"w":-0.6653047204017639},"size":1.9117941856384278,"orthographic":false}