{"cameraMode":{"drawMode":0,"name":"Shaded","section":"Shading Mode"},"sceneLighting":false,"audioPlay":false,"sceneViewState":{"showFog":true,"showMaterialUpdate":false,"showSkybox":true,"showFlares":true,"showImageEffects":true,"showParticleSystems":true},"in2DMode":false,"pivot":{"x":7.179999351501465,"y":0.309999942779541,"z":-0.2735309600830078},"rotation":{"x":0.051535751670598987,"y":-0.9067668914794922,"z":0.11624634265899658,"w":0.4020008444786072},"size":2.0476632118225099,"orthographic":false}