{"cameraMode":{"drawMode":0,"name":"Shaded","section":"Shading Mode"},"sceneLighting":true,"audioPlay":false,"sceneViewState":{"showFog":true,"showMaterialUpdate":false,"showSkybox":true,"showFlares":true,"showImageEffects":true,"showParticleSystems":true},"in2DMode":false,"pivot":{"x":0.03559739887714386,"y":-8.919140815734864,"z":-10.096968650817871},"rotation":{"x":-0.0024464833550155164,"y":-0.9405422210693359,"z":0.33960047364234927,"w":-0.006775561720132828},"size":21.75629234313965,"orthographic":false}