{"cameraMode":{"drawMode":0,"name":"Shaded","section":"Shading Mode"},"sceneLighting":false,"audioPlay":false,"sceneViewState":{"showFog":true,"showMaterialUpdate":false,"showSkybox":true,"showFlares":true,"showImageEffects":true,"showParticleSystems":true},"in2DMode":false,"pivot":{"x":1.5822925567626954,"y":1.0578012466430665,"z":-4.84735107421875},"rotation":{"x":-0.0008299878099933267,"y":-0.9517173171043396,"z":0.30696406960487368,"w":-0.002573201432824135},"size":1.9117941856384278,"orthographic":false}