{"cameraMode":{"drawMode":0,"name":"Shaded","section":"Shading Mode"},"sceneLighting":false,"audioPlay":false,"sceneViewState":{"showFog":true,"showMaterialUpdate":false,"showSkybox":true,"showFlares":true,"showImageEffects":true,"showParticleSystems":true},"in2DMode":false,"pivot":{"x":8.000000953674317,"y":0.6349999904632568,"z":-0.6000003814697266},"rotation":{"x":-0.0024464833550155164,"y":-0.9405422210693359,"z":0.33960047364234927,"w":-0.006775561720132828},"size":2.0544989109039308,"orthographic":false}