{"cameraMode":{"drawMode":0,"name":"Shaded","section":"Shading Mode"},"sceneLighting":false,"audioPlay":false,"sceneViewState":{"showFog":true,"showMaterialUpdate":false,"showSkybox":true,"showFlares":true,"showImageEffects":true,"showParticleSystems":true},"in2DMode":false,"pivot":{"x":-0.49399998784065249,"y":0.12999999523162843,"z":-3.5350000858306886},"rotation":{"x":-0.0024464833550155164,"y":-0.9405422210693359,"z":0.33960047364234927,"w":-0.006775561720132828},"size":1.9117939472198487,"orthographic":false}